{
    "Training CNN+RandomForest": [
        95.37754313674994,
        97.3100366001254,
        95.13154443226043,
        95.2197604559027
    ],
    "Test CNN+RandomForest": [
        89.18640576725025,
        88.55970263349005,
        87.51754850826057,
        87.99406503729958
    ]
}