{
    "Training CNN+XGBoost": [
        97.37754313674994,
        98.3100366001254,
        97.13154443226043,
        97.2197604559027
    ],
    "Test CNN+XGBoost": [
        91.92821833161689,
        91.78341742154952,
        90.09737911285899,
        90.99485636565965
    ]
}