{"val_loss": [0.46500113544179433, 0.5133507232167828, 0.3844745460286069, 0.41504022474609203, 0.4755165853829526, 0.376699193377993, 0.4054714040524924, 0.35661203612142534, 0.36427758309378555, 0.4189420696737161, 0.36734496210493256, 0.36118067316154934, 0.3609064589907874, 0.38578566499610445, 0.3348601747804613, 0.33778367035869344, 0.32970051698720276, 0.34993904775647977, 0.3751829396432905, 0.3695142627207201, 0.40544586466319527, 0.3398442626889072, 0.3093905794531552, 0.3754836057326687, 0.3275060289164088, 0.3202954545839509, 0.3693059817623736, 0.34319780302136693, 0.4326017055938493, 0.3953439691840713, 0.42248981532765856, 0.3893257947777634, 0.3769041706377001, 0.41840761521858955, 0.38783129111154757, 0.41498040139897546, 0.4573034597866571, 0.4250883875498131, 0.41571066591944267, 0.4334289752280534, 0.4253360902862762, 0.46507840347823814, 0.4542470333069118, 0.46234988601350074, 0.4888998647345536, 0.5441556501744399, 0.507766457680446, 0.4922027724447535, 0.5154651011104014, 0.5802037919190393, 0.5810339054954585, 0.6079457879511279, 0.579547812064081, 0.5020858471017721, 0.6224990589071565, 0.6082487394671832, 0.5908522056193272, 0.6777591836986258, 0.5930683759444241, 0.7498229319750984, 0.5561428765196409, 0.5823137551824104, 0.6271346275486164, 0.7705863342856738, 0.5919290343327309, 0.6401303590956464, 0.5914175717021102, 0.6971355768448826, 0.6553128072574957, 0.7129628543978307, 0.6725861481098986, 0.6897461899889827, 0.8034788544053462, 0.7464034930288569, 0.8271091505885124, 0.7906907044684709, 0.8262695881190585, 0.8136761750303098, 0.7831372507583739, 0.8733514755630671, 0.8059364549648851, 0.8748015657289704, 0.6914302030661658, 0.6411223834741916, 0.9308495503085763, 0.8032302763424257, 0.8362739725789028, 1.1825980449790385, 0.8300319208443832, 0.7879141005562312, 0.8595125770738432, 0.8675833360431021, 0.9025594967000409, 0.8931525740119169, 0.9897590861058058, 1.0088955745726491, 1.007872621393971, 1.0231761208387897, 1.069201163035025, 1.064737291493342, 1.1495912270537063, 0.7618639395196936, 0.9585019346048583, 0.7700427521075776, 0.7946183963720478, 0.8070693252802785, 0.8466938912951901, 0.9092747187214111, 0.9286576365718423, 0.966873396820486, 1.002072511855235, 1.014383398554524, 1.03995483299481, 1.0610937515947856, 1.0812394827996978, 1.0985348961263923, 1.1505617524288705, 1.1359291978027504, 0.8932306518416796, 0.7407323095224686], "val_accuracy": [0.7940298318862915, 0.7402985095977783, 0.8447760939598083, 0.8298507332801819, 0.7611940503120422, 0.841791033744812, 0.8388059735298157, 0.8567163944244385, 0.841791033744812, 0.8238806128501892, 0.8477612137794495, 0.8537313342094421, 0.8507462739944458, 0.8537313342094421, 0.8597015142440796, 0.8716418147087097, 0.8776119351387024, 0.8626865744590759, 0.8567163944244385, 0.8597015142440796, 0.8507462739944458, 0.8626865744590759, 0.8805969953536987, 0.8447760939598083, 0.8686566948890686, 0.8865671753883362, 0.8805969953536987, 0.8895522356033325, 0.8656716346740723, 0.8686566948890686, 0.8537313342094421, 0.8716418147087097, 0.8716418147087097, 0.8656716346740723, 0.8925372958183289, 0.8507462739944458, 0.8626865744590759, 0.8805969953536987, 0.8805969953536987, 0.8686566948890686, 0.8865671753883362, 0.8776119351387024, 0.8716418147087097, 0.8805969953536987, 0.8716418147087097, 0.8835821151733398, 0.8835821151733398, 0.8567163944244385, 0.8805969953536987, 0.8507462739944458, 0.8656716346740723, 0.8716418147087097, 0.8805969953536987, 0.8835821151733398, 0.8597015142440796, 0.8686566948890686, 0.8656716346740723, 0.8716418147087097, 0.8716418147087097, 0.8298507332801819, 0.874626874923706, 0.8776119351387024, 0.8865671753883362, 0.841791033744812, 0.8895522356033325, 0.8537313342094421, 0.8805969953536987, 0.8805969953536987, 0.8716418147087097, 0.8835821151733398, 0.8626865744590759, 0.8656716346740723, 0.874626874923706, 0.8686566948890686, 0.8805969953536987, 0.8865671753883362, 0.8656716346740723, 0.8776119351387024, 0.8835821151733398, 0.8776119351387024, 0.8776119351387024, 0.8567163944244385, 0.8686566948890686, 0.8865671753883362, 0.8626865744590759, 0.8716418147087097, 0.8597015142440796, 0.8626865744590759, 0.8358209133148193, 0.8716418147087097, 0.8865671753883362, 0.8895522356033325, 0.8716418147087097, 0.874626874923706, 0.8925372958183289, 0.8686566948890686, 0.8805969953536987, 0.89552241563797, 0.8925372958183289, 0.8805969953536987, 0.8477612137794495, 0.8776119351387024, 0.8686566948890686, 0.8656716346740723, 0.8776119351387024, 0.874626874923706, 0.8686566948890686, 0.8716418147087097, 0.874626874923706, 0.8686566948890686, 0.874626874923706, 0.8686566948890686, 0.8716418147087097, 0.8716418147087097, 0.8776119351387024, 0.8656716346740723, 0.874626874923706, 0.8776119351387024, 0.8328357934951782, 0.8716418147087097], "loss": [0.5734828248152284, 0.44373655486267244, 0.3801883793866153, 0.33948994544856753, 0.3239288273279977, 0.3202174059010942, 0.29352934885719967, 0.2782883136929952, 0.2644912371152987, 0.2658503204417068, 0.2640032640620732, 0.2541344365764894, 0.25862356435691297, 0.2247554710961778, 0.23028410632046348, 0.21379860528982808, 0.2044741907094359, 0.2063239928117782, 0.20437109994915034, 0.2051762388559735, 0.2089920169736505, 0.2032429160291304, 0.17966676892654243, 0.18522672871787585, 0.17583290407342225, 0.17038120637593515, 0.15524892331907034, 0.14707326681056632, 0.15307945095633277, 0.1576351773269441, 0.15169079019583662, 0.1360771331911063, 0.14300080970547793, 0.1349677077511267, 0.1160743445024362, 0.13859593579253274, 0.12135084916424056, 0.11531209634019755, 0.10461425339707044, 0.13088857962733194, 0.12539702010938206, 0.10308653000176304, 0.09565543868649969, 0.1021958128904147, 0.09553177228757084, 0.10279535813854314, 0.09959309490297341, 0.07328615958631172, 0.07061149015779411, 0.06898741351102265, 0.07844911249941257, 0.12447858934557993, 0.07313939386189418, 0.06562279410685846, 0.04994403846110865, 0.09298313509791906, 0.08284926864072147, 0.06572735264078786, 0.05818043562580102, 0.08695550068832868, 0.06978819063411647, 0.061971407293889155, 0.04392547380766986, 0.04103470747980327, 0.04980048875067584, 0.048086343729354844, 0.04298532510674174, 0.05314866802390877, 0.05184155476814389, 0.04724581349327076, 0.04692281905551636, 0.03184022416454383, 0.037658491812213354, 0.029870750490735773, 0.01616605492914957, 0.01784138545343567, 0.05026112084533656, 0.04176894315850457, 0.025185488683677038, 0.014721542803300862, 0.022667967639758105, 0.04428502897335502, 0.09473133365341228, 0.03011726315648529, 0.02249028320270126, 0.03827938776981527, 0.06060036923576458, 0.037679884807086554, 0.05944828345314255, 0.017846481900458847, 0.006790017354180212, 0.006153881884692393, 0.004388797591687676, 0.007204416255385267, 0.006713123842699932, 0.0069526894774579245, 0.00408274446398829, 0.002705438193180422, 0.002012792968503061, 0.0017732305310583989, 0.084223410452667, 0.0831319671262561, 0.05417322367075112, 0.08513871280188284, 0.019969045257377502, 0.008053180096815068, 0.006923600613800475, 0.0037300403319675286, 0.0035637490462763727, 0.0026087169709067574, 0.002497794290442952, 0.0015724539919048334, 0.0014020141683056357, 0.0011879011168069648, 0.0010066789988191808, 0.0012011105724495717, 0.0009496972273081158, 0.0017274224370453595, 0.10981183341240082, 0.09541204310628605],